frame_number,label
1,nonkeypress
2,nonkeypress
3,nonkeypress
4,nonkeypress
5,nonkeypress
6,nonkeypress
7,nonkeypress
8,nonkeypress
9,nonkeypress
10,nonkeypress
11,nonkeypress
12,nonkeypress
13,nonkeypress
14,nonkeypress
15,nonkeypress
16,nonkeypress
17,nonkeypress
18,nonkeypress
19,nonkeypress
20,nonkeypress
21,nonkeypress
22,nonkeypress
23,nonkeypress
24,nonkeypress
25,nonkeypress
26,nonkeypress
27,nonkeypress
28,nonkeypress
29,nonkeypress
30,nonkeypress
31,nonkeypress
32,nonkeypress
33,nonkeypress
34,nonkeypress
35,nonkeypress
36,nonkeypress
37,nonkeypress
38,nonkeypress
39,nonkeypress
40,nonkeypress
41,nonkeypress
42,nonkeypress
43,nonkeypress
44,nonkeypress
45,nonkeypress
46,nonkeypress
47,nonkeypress
48,nonkeypress
49,nonkeypress
50,nonkeypress
51,nonkeypress
52,nonkeypress
53,nonkeypress
54,nonkeypress
55,nonkeypress
56,nonkeypress
57,nonkeypress
58,nonkeypress
59,nonkeypress
60,nonkeypress
61,nonkeypress
62,nonkeypress
63,nonkeypress
64,nonkeypress
65,nonkeypress
66,nonkeypress
67,nonkeypress
68,nonkeypress
69,nonkeypress
70,nonkeypress
71,nonkeypress
72,nonkeypress
73,nonkeypress
74,nonkeypress
75,nonkeypress
76,nonkeypress
77,nonkeypress
78,nonkeypress
79,nonkeypress
80,nonkeypress
81,nonkeypress
82,nonkeypress
83,nonkeypress
84,nonkeypress
85,nonkeypress
86,nonkeypress
87,nonkeypress
88,nonkeypress
89,nonkeypress
90,nonkeypress
91,nonkeypress
92,nonkeypress
93,nonkeypress
94,nonkeypress
95,nonkeypress
96,nonkeypress
97,nonkeypress
98,nonkeypress
99,nonkeypress
100,nonkeypress
101,nonkeypress
102,nonkeypress
103,nonkeypress
104,nonkeypress
105,nonkeypress
106,nonkeypress
107,nonkeypress
108,nonkeypress
109,nonkeypress
110,nonkeypress
111,nonkeypress
112,nonkeypress
113,nonkeypress
114,nonkeypress
115,nonkeypress
116,nonkeypress
117,nonkeypress
118,nonkeypress
119,nonkeypress
120,nonkeypress
121,nonkeypress
122,nonkeypress
123,nonkeypress
124,nonkeypress
125,nonkeypress
126,nonkeypress
127,nonkeypress
128,nonkeypress
129,nonkeypress
130,nonkeypress
131,nonkeypress
132,nonkeypress
133,nonkeypress
134,nonkeypress
135,nonkeypress
136,nonkeypress
137,nonkeypress
138,nonkeypress
139,nonkeypress
140,nonkeypress
141,nonkeypress
142,nonkeypress
143,nonkeypress
144,nonkeypress
145,nonkeypress
146,nonkeypress
147,nonkeypress
148,nonkeypress
149,nonkeypress
150,nonkeypress
151,nonkeypress
152,nonkeypress
153,nonkeypress
154,nonkeypress
155,nonkeypress
156,nonkeypress
157,nonkeypress
158,nonkeypress
159,nonkeypress
160,nonkeypress
161,nonkeypress
162,nonkeypress
163,nonkeypress
164,nonkeypress
165,nonkeypress
166,nonkeypress
167,nonkeypress
168,nonkeypress
169,nonkeypress
170,nonkeypress
171,nonkeypress
172,nonkeypress
173,nonkeypress
174,nonkeypress
175,nonkeypress
176,nonkeypress
177,nonkeypress
178,nonkeypress
179,nonkeypress
180,nonkeypress
181,nonkeypress
182,nonkeypress
183,nonkeypress
184,nonkeypress
185,nonkeypress
186,nonkeypress
187,nonkeypress
188,nonkeypress
189,nonkeypress
190,nonkeypress
191,nonkeypress
192,nonkeypress
193,nonkeypress
194,nonkeypress
195,nonkeypress
196,nonkeypress
197,nonkeypress
198,nonkeypress
199,nonkeypress
200,nonkeypress
201,nonkeypress
202,nonkeypress
203,nonkeypress
204,nonkeypress
205,nonkeypress
206,nonkeypress
207,nonkeypress
208,nonkeypress
209,nonkeypress
210,nonkeypress
211,nonkeypress
212,nonkeypress
213,nonkeypress
214,nonkeypress
215,nonkeypress
216,nonkeypress
217,nonkeypress
218,nonkeypress
219,nonkeypress
220,nonkeypress
221,nonkeypress
222,nonkeypress
223,nonkeypress
224,nonkeypress
225,nonkeypress
226,nonkeypress
227,nonkeypress
228,nonkeypress
229,nonkeypress
230,nonkeypress
231,nonkeypress
232,nonkeypress
233,nonkeypress
234,nonkeypress
235,nonkeypress
236,nonkeypress
237,nonkeypress
238,nonkeypress
239,nonkeypress
240,nonkeypress
241,nonkeypress
242,nonkeypress
243,nonkeypress
244,nonkeypress
245,nonkeypress
246,nonkeypress
247,nonkeypress
248,nonkeypress
249,nonkeypress
250,nonkeypress
251,nonkeypress
252,nonkeypress
253,nonkeypress
254,nonkeypress
255,nonkeypress
256,nonkeypress
257,nonkeypress
258,nonkeypress
259,nonkeypress
260,nonkeypress
261,nonkeypress
262,nonkeypress
263,nonkeypress
264,nonkeypress
265,nonkeypress
266,nonkeypress
267,nonkeypress
268,nonkeypress
269,nonkeypress
270,nonkeypress
271,nonkeypress
272,nonkeypress
273,nonkeypress
274,nonkeypress
275,nonkeypress
276,nonkeypress
277,nonkeypress
278,nonkeypress
279,nonkeypress
280,nonkeypress
281,nonkeypress
282,nonkeypress
283,nonkeypress
284,nonkeypress
285,nonkeypress
286,nonkeypress
287,nonkeypress
288,nonkeypress
289,nonkeypress
290,nonkeypress
291,nonkeypress
292,nonkeypress
293,nonkeypress
294,nonkeypress
295,nonkeypress
296,nonkeypress
297,nonkeypress
298,nonkeypress
299,nonkeypress
300,nonkeypress
301,nonkeypress
302,nonkeypress
303,nonkeypress
304,nonkeypress
305,nonkeypress
306,nonkeypress
307,nonkeypress
308,nonkeypress
309,nonkeypress
310,nonkeypress
311,nonkeypress
312,nonkeypress
313,nonkeypress
314,nonkeypress
315,nonkeypress
316,nonkeypress
317,nonkeypress
318,nonkeypress
319,nonkeypress
320,nonkeypress
321,nonkeypress
322,nonkeypress
323,nonkeypress
324,nonkeypress
325,nonkeypress
326,nonkeypress
327,nonkeypress
328,nonkeypress
329,nonkeypress
330,nonkeypress
331,nonkeypress
332,nonkeypress
333,nonkeypress
334,nonkeypress
335,nonkeypress
336,nonkeypress
337,nonkeypress
338,nonkeypress
339,nonkeypress
340,nonkeypress
341,nonkeypress
342,nonkeypress
343,nonkeypress
344,nonkeypress
345,nonkeypress
346,nonkeypress
347,nonkeypress
348,nonkeypress
349,nonkeypress
350,nonkeypress
351,nonkeypress
352,nonkeypress
353,nonkeypress
354,nonkeypress
355,nonkeypress
356,nonkeypress
357,nonkeypress
358,nonkeypress
359,nonkeypress
360,nonkeypress
361,nonkeypress
362,nonkeypress
363,nonkeypress
364,nonkeypress
365,nonkeypress
366,nonkeypress
367,nonkeypress
368,nonkeypress
369,nonkeypress
370,nonkeypress
371,nonkeypress
372,nonkeypress
373,nonkeypress
374,nonkeypress
375,nonkeypress
376,nonkeypress
377,nonkeypress
378,nonkeypress
379,nonkeypress
380,nonkeypress
381,nonkeypress
382,nonkeypress
383,nonkeypress
384,nonkeypress
385,nonkeypress
386,nonkeypress
387,nonkeypress
388,nonkeypress
389,nonkeypress
390,nonkeypress
391,nonkeypress
392,nonkeypress
393,nonkeypress
394,nonkeypress
395,nonkeypress
396,nonkeypress
397,nonkeypress
398,nonkeypress
399,nonkeypress
400,nonkeypress
401,nonkeypress
402,nonkeypress
403,nonkeypress
404,nonkeypress
405,nonkeypress
406,nonkeypress
407,nonkeypress
408,nonkeypress
409,nonkeypress
410,nonkeypress
411,nonkeypress
412,nonkeypress
413,nonkeypress
414,nonkeypress
415,nonkeypress
416,nonkeypress
417,nonkeypress
418,nonkeypress
419,nonkeypress
420,nonkeypress
421,nonkeypress
422,nonkeypress
423,nonkeypress
424,nonkeypress
425,nonkeypress
426,nonkeypress
427,nonkeypress
428,nonkeypress
429,nonkeypress
430,nonkeypress
431,nonkeypress
432,nonkeypress
433,nonkeypress
434,nonkeypress
435,nonkeypress
436,nonkeypress
437,nonkeypress
438,nonkeypress
439,nonkeypress
440,nonkeypress
441,nonkeypress
442,nonkeypress
443,nonkeypress
444,nonkeypress
445,nonkeypress
446,nonkeypress
447,nonkeypress
448,nonkeypress
449,nonkeypress
450,nonkeypress
451,nonkeypress
452,nonkeypress
453,nonkeypress
454,nonkeypress
455,nonkeypress
456,nonkeypress
457,nonkeypress
458,nonkeypress
459,nonkeypress
460,nonkeypress
461,nonkeypress
462,nonkeypress
463,nonkeypress
464,nonkeypress
465,nonkeypress
466,nonkeypress
467,nonkeypress
468,nonkeypress
469,nonkeypress
470,nonkeypress
471,nonkeypress
472,nonkeypress
473,nonkeypress
474,nonkeypress
475,nonkeypress
476,nonkeypress
477,nonkeypress
478,nonkeypress
479,nonkeypress
480,nonkeypress
481,nonkeypress
482,nonkeypress
483,nonkeypress
484,nonkeypress
485,nonkeypress
486,nonkeypress
487,nonkeypress
488,nonkeypress
489,nonkeypress
490,nonkeypress
491,nonkeypress
492,nonkeypress
493,nonkeypress
494,nonkeypress
495,nonkeypress
496,nonkeypress
497,nonkeypress
498,nonkeypress
499,nonkeypress
500,nonkeypress
501,nonkeypress
502,nonkeypress
503,nonkeypress
504,nonkeypress
505,nonkeypress
506,nonkeypress
507,nonkeypress
508,nonkeypress
509,nonkeypress
510,nonkeypress
511,nonkeypress
512,nonkeypress
513,nonkeypress
514,nonkeypress
515,nonkeypress
516,nonkeypress
517,nonkeypress
518,nonkeypress
519,nonkeypress
520,nonkeypress
521,nonkeypress
522,nonkeypress
523,nonkeypress
524,nonkeypress
525,nonkeypress
526,nonkeypress
527,nonkeypress
528,nonkeypress
529,nonkeypress
530,nonkeypress
531,nonkeypress
532,nonkeypress
533,nonkeypress
534,nonkeypress
535,nonkeypress
536,nonkeypress
537,nonkeypress
538,nonkeypress
539,nonkeypress
540,nonkeypress
541,nonkeypress
542,nonkeypress
543,nonkeypress
544,nonkeypress
545,nonkeypress
546,nonkeypress
547,nonkeypress
548,nonkeypress
549,nonkeypress
550,nonkeypress
551,nonkeypress
552,nonkeypress
553,nonkeypress
554,nonkeypress
555,nonkeypress
556,nonkeypress
557,nonkeypress
558,nonkeypress
559,nonkeypress
560,nonkeypress
561,nonkeypress
562,nonkeypress
563,nonkeypress
564,nonkeypress
565,nonkeypress
566,nonkeypress
567,nonkeypress
568,nonkeypress
569,nonkeypress
570,nonkeypress
571,nonkeypress
572,nonkeypress
573,nonkeypress
574,nonkeypress
575,nonkeypress
576,nonkeypress
577,nonkeypress
578,nonkeypress
579,nonkeypress
580,nonkeypress
581,nonkeypress
582,nonkeypress
583,nonkeypress
584,nonkeypress
585,nonkeypress
586,nonkeypress
587,nonkeypress
588,nonkeypress
589,nonkeypress
590,nonkeypress
591,nonkeypress
592,nonkeypress
593,nonkeypress
594,nonkeypress
595,nonkeypress
596,nonkeypress
597,nonkeypress
598,nonkeypress
599,nonkeypress
600,nonkeypress
601,nonkeypress
602,nonkeypress
603,nonkeypress
604,nonkeypress
605,nonkeypress
606,nonkeypress
607,nonkeypress
608,nonkeypress
609,nonkeypress
610,nonkeypress
611,nonkeypress
612,nonkeypress
613,nonkeypress
614,nonkeypress
615,nonkeypress
616,nonkeypress
617,nonkeypress
618,nonkeypress
619,nonkeypress
620,nonkeypress
621,nonkeypress
622,nonkeypress
623,nonkeypress
624,nonkeypress
625,nonkeypress
626,nonkeypress
627,nonkeypress
628,nonkeypress
629,nonkeypress
630,nonkeypress
631,nonkeypress
632,nonkeypress
633,nonkeypress
634,nonkeypress
635,nonkeypress
636,nonkeypress
637,nonkeypress
638,nonkeypress
639,nonkeypress
640,nonkeypress
641,nonkeypress
642,nonkeypress
643,nonkeypress
644,nonkeypress
645,nonkeypress
646,nonkeypress
647,nonkeypress
648,nonkeypress
649,nonkeypress
650,nonkeypress
651,nonkeypress
652,nonkeypress
653,nonkeypress
654,nonkeypress
655,nonkeypress
656,nonkeypress
657,nonkeypress
658,nonkeypress
659,nonkeypress
660,nonkeypress
661,nonkeypress
662,nonkeypress
663,nonkeypress
664,nonkeypress
665,nonkeypress
666,nonkeypress
667,nonkeypress
668,nonkeypress
669,nonkeypress
670,nonkeypress
671,nonkeypress
672,nonkeypress
673,nonkeypress
674,nonkeypress
675,nonkeypress
676,nonkeypress
677,nonkeypress
678,nonkeypress
679,nonkeypress
680,nonkeypress
681,nonkeypress
682,nonkeypress
683,nonkeypress
684,nonkeypress
685,nonkeypress
686,nonkeypress
687,nonkeypress
688,nonkeypress
689,nonkeypress
690,nonkeypress
691,nonkeypress
692,nonkeypress
693,nonkeypress
694,nonkeypress
695,nonkeypress
696,nonkeypress
697,nonkeypress
698,nonkeypress
699,nonkeypress
700,nonkeypress
701,nonkeypress
702,nonkeypress
703,nonkeypress
704,nonkeypress
705,nonkeypress
706,nonkeypress
707,nonkeypress
708,nonkeypress
709,nonkeypress
710,nonkeypress
711,nonkeypress
712,nonkeypress
713,nonkeypress
714,nonkeypress
715,nonkeypress
716,nonkeypress
717,nonkeypress
718,nonkeypress
719,nonkeypress
720,nonkeypress
721,nonkeypress
722,nonkeypress
723,nonkeypress
724,nonkeypress
725,nonkeypress
726,nonkeypress
727,nonkeypress
728,nonkeypress
729,nonkeypress
730,nonkeypress
731,nonkeypress
732,nonkeypress
733,nonkeypress
734,nonkeypress
735,nonkeypress
736,nonkeypress
737,nonkeypress
738,nonkeypress
739,nonkeypress
740,nonkeypress
741,nonkeypress
742,nonkeypress
743,nonkeypress
744,nonkeypress
745,nonkeypress
746,nonkeypress
747,nonkeypress
748,nonkeypress
749,nonkeypress
750,nonkeypress
751,nonkeypress
752,nonkeypress
753,nonkeypress
754,nonkeypress
755,nonkeypress
756,nonkeypress
757,nonkeypress
758,nonkeypress
759,nonkeypress
760,nonkeypress
761,nonkeypress
762,nonkeypress
763,nonkeypress
764,nonkeypress
765,nonkeypress
766,nonkeypress
767,nonkeypress
768,nonkeypress
769,nonkeypress
770,nonkeypress
771,nonkeypress
772,nonkeypress
773,nonkeypress
774,nonkeypress
775,nonkeypress
776,nonkeypress
777,nonkeypress
778,nonkeypress
779,nonkeypress
780,nonkeypress
781,nonkeypress
782,nonkeypress
783,nonkeypress
784,nonkeypress
785,nonkeypress
786,nonkeypress
787,nonkeypress
788,nonkeypress
789,nonkeypress
790,nonkeypress
791,nonkeypress
792,nonkeypress
793,nonkeypress
794,nonkeypress
795,nonkeypress
796,nonkeypress
797,nonkeypress
798,nonkeypress
799,nonkeypress
800,nonkeypress
801,nonkeypress
802,nonkeypress
803,nonkeypress
804,nonkeypress
805,nonkeypress
806,nonkeypress
807,nonkeypress
808,nonkeypress
809,nonkeypress
810,nonkeypress
811,nonkeypress
812,nonkeypress
813,nonkeypress
814,nonkeypress
815,nonkeypress
816,nonkeypress
817,nonkeypress
818,nonkeypress
819,nonkeypress
820,nonkeypress
821,nonkeypress
822,nonkeypress
823,nonkeypress
824,nonkeypress
825,nonkeypress
826,nonkeypress
827,nonkeypress
828,nonkeypress
829,nonkeypress
830,nonkeypress
831,nonkeypress
832,nonkeypress
833,nonkeypress
834,nonkeypress
835,nonkeypress
836,nonkeypress
837,nonkeypress
838,nonkeypress
839,nonkeypress
840,nonkeypress
841,nonkeypress
842,nonkeypress
843,nonkeypress
844,nonkeypress
845,nonkeypress
846,nonkeypress
847,nonkeypress
848,nonkeypress
849,nonkeypress
850,nonkeypress
851,nonkeypress
852,nonkeypress
853,nonkeypress
854,nonkeypress
855,nonkeypress
856,nonkeypress
857,nonkeypress
858,nonkeypress
859,nonkeypress
860,nonkeypress
861,nonkeypress
862,nonkeypress
863,nonkeypress
864,nonkeypress
865,nonkeypress
866,nonkeypress
867,nonkeypress
868,nonkeypress
869,nonkeypress
870,nonkeypress
871,nonkeypress
872,nonkeypress
873,nonkeypress
874,nonkeypress
875,nonkeypress
876,nonkeypress
877,nonkeypress
878,nonkeypress
879,nonkeypress
880,nonkeypress
881,nonkeypress
882,nonkeypress
883,nonkeypress
884,nonkeypress
885,nonkeypress
886,nonkeypress
887,nonkeypress
888,nonkeypress
889,nonkeypress
890,nonkeypress
891,nonkeypress
892,nonkeypress
893,nonkeypress
894,nonkeypress
895,nonkeypress
896,nonkeypress
897,nonkeypress
898,nonkeypress
899,nonkeypress
900,nonkeypress
901,nonkeypress
902,nonkeypress
903,nonkeypress
904,nonkeypress
905,nonkeypress
906,nonkeypress
907,nonkeypress
908,nonkeypress
909,nonkeypress
910,nonkeypress
911,nonkeypress
912,nonkeypress
913,nonkeypress
914,nonkeypress
915,nonkeypress
916,nonkeypress
917,nonkeypress
918,nonkeypress
919,nonkeypress
920,nonkeypress
921,nonkeypress
922,nonkeypress
923,nonkeypress
924,nonkeypress
925,nonkeypress
926,nonkeypress
927,nonkeypress
928,nonkeypress
929,nonkeypress
930,nonkeypress
931,nonkeypress
932,nonkeypress
933,nonkeypress
934,nonkeypress
935,nonkeypress
936,nonkeypress
937,nonkeypress
938,nonkeypress
939,nonkeypress
940,nonkeypress
941,nonkeypress
942,nonkeypress
943,nonkeypress
944,nonkeypress
945,nonkeypress
946,nonkeypress
947,nonkeypress
948,nonkeypress
949,nonkeypress
950,nonkeypress
951,nonkeypress
952,nonkeypress
953,nonkeypress
954,nonkeypress
955,nonkeypress
956,nonkeypress
957,nonkeypress
958,nonkeypress
959,nonkeypress
960,nonkeypress
961,nonkeypress
962,nonkeypress
963,nonkeypress
964,nonkeypress
965,nonkeypress
966,nonkeypress
967,nonkeypress
968,nonkeypress
969,nonkeypress
970,nonkeypress
971,nonkeypress
972,nonkeypress
973,nonkeypress
974,nonkeypress
975,nonkeypress
976,nonkeypress
977,nonkeypress
978,nonkeypress
979,nonkeypress
980,nonkeypress
981,nonkeypress
982,nonkeypress
983,nonkeypress
984,nonkeypress
985,nonkeypress
986,nonkeypress
987,nonkeypress
988,nonkeypress
989,nonkeypress
990,nonkeypress
991,nonkeypress
992,nonkeypress
993,nonkeypress
994,nonkeypress
995,nonkeypress
996,nonkeypress
997,nonkeypress
998,nonkeypress
999,nonkeypress
1000,nonkeypress
1001,nonkeypress
1002,nonkeypress
1003,nonkeypress
1004,nonkeypress
1005,nonkeypress
1006,nonkeypress
1007,nonkeypress
1008,nonkeypress
1009,nonkeypress
1010,nonkeypress
1011,nonkeypress
1012,nonkeypress
1013,nonkeypress
1014,nonkeypress
1015,nonkeypress
1016,nonkeypress
1017,nonkeypress
1018,nonkeypress
1019,nonkeypress
1020,nonkeypress
1021,nonkeypress
1022,nonkeypress
1023,nonkeypress
1024,nonkeypress
1025,nonkeypress
1026,nonkeypress
1027,nonkeypress
1028,nonkeypress
1029,nonkeypress
1030,nonkeypress
1031,nonkeypress
1032,nonkeypress
1033,nonkeypress
1034,nonkeypress
1035,nonkeypress
1036,nonkeypress
1037,nonkeypress
1038,nonkeypress
1039,nonkeypress
1040,nonkeypress
1041,nonkeypress
1042,nonkeypress
1043,nonkeypress
1044,nonkeypress
1045,nonkeypress
1046,nonkeypress
1047,nonkeypress
1048,nonkeypress
1049,nonkeypress
1050,nonkeypress
1051,nonkeypress
1052,nonkeypress
1053,nonkeypress
1054,nonkeypress
1055,nonkeypress
1056,nonkeypress
1057,nonkeypress
1058,nonkeypress
1059,nonkeypress
1060,nonkeypress
1061,nonkeypress
1062,nonkeypress
1063,nonkeypress
1064,nonkeypress
1065,nonkeypress
1066,nonkeypress
1067,nonkeypress
1068,nonkeypress
1069,nonkeypress
1070,nonkeypress
1071,nonkeypress
1072,nonkeypress
1073,nonkeypress
1074,nonkeypress
1075,nonkeypress
1076,nonkeypress
1077,nonkeypress
1078,nonkeypress
1079,nonkeypress
1080,nonkeypress
1081,nonkeypress
1082,nonkeypress
1083,nonkeypress
1084,nonkeypress
1085,nonkeypress
1086,nonkeypress
1087,nonkeypress
1088,nonkeypress
1089,nonkeypress
1090,nonkeypress
1091,nonkeypress
1092,nonkeypress
1093,nonkeypress
1094,nonkeypress
1095,nonkeypress
1096,nonkeypress
1097,nonkeypress
1098,nonkeypress
1099,nonkeypress
1100,nonkeypress
1101,nonkeypress
1102,nonkeypress
1103,nonkeypress
1104,nonkeypress
1105,nonkeypress
1106,nonkeypress
1107,nonkeypress
1108,nonkeypress
1109,nonkeypress
1110,nonkeypress
1111,nonkeypress
1112,nonkeypress
1113,nonkeypress
1114,nonkeypress
1115,nonkeypress
1116,nonkeypress
1117,nonkeypress
1118,nonkeypress
1119,nonkeypress
1120,nonkeypress
1121,nonkeypress
1122,nonkeypress
1123,nonkeypress
1124,nonkeypress
1125,nonkeypress
1126,nonkeypress
1127,nonkeypress
1128,nonkeypress
1129,nonkeypress
1130,nonkeypress
1131,nonkeypress
1132,nonkeypress
1133,nonkeypress
1134,nonkeypress
1135,nonkeypress
1136,nonkeypress
1137,nonkeypress
1138,nonkeypress
1139,nonkeypress
1140,nonkeypress
1141,nonkeypress
1142,nonkeypress
1143,nonkeypress
1144,nonkeypress
1145,nonkeypress
1146,nonkeypress
1147,nonkeypress
1148,nonkeypress
1149,nonkeypress
1150,nonkeypress
1151,nonkeypress
1152,nonkeypress
1153,nonkeypress
1154,nonkeypress
1155,nonkeypress
1156,nonkeypress
1157,nonkeypress
1158,nonkeypress
1159,nonkeypress
1160,nonkeypress
1161,nonkeypress
1162,nonkeypress
1163,nonkeypress
1164,nonkeypress
1165,nonkeypress
1166,nonkeypress
1167,nonkeypress
1168,nonkeypress
1169,nonkeypress
1170,nonkeypress
1171,nonkeypress
1172,nonkeypress
1173,nonkeypress
1174,nonkeypress
1175,nonkeypress
1176,nonkeypress
1177,nonkeypress
1178,nonkeypress
1179,nonkeypress
1180,nonkeypress
1181,nonkeypress
1182,nonkeypress
1183,nonkeypress
1184,nonkeypress
1185,nonkeypress
1186,nonkeypress
1187,nonkeypress
1188,nonkeypress
1189,nonkeypress
1190,nonkeypress
1191,nonkeypress
1192,nonkeypress
1193,nonkeypress
1194,nonkeypress
1195,nonkeypress
1196,nonkeypress
1197,nonkeypress
1198,nonkeypress
1199,nonkeypress
1200,nonkeypress
1201,nonkeypress
1202,nonkeypress
1203,nonkeypress
1204,nonkeypress
1205,nonkeypress
1206,nonkeypress
1207,nonkeypress
1208,nonkeypress
1209,nonkeypress
1210,nonkeypress
1211,nonkeypress
1212,nonkeypress
1213,nonkeypress
1214,nonkeypress
1215,nonkeypress
1216,nonkeypress
1217,nonkeypress
1218,nonkeypress
1219,nonkeypress
1220,nonkeypress
1221,nonkeypress
1222,nonkeypress
1223,nonkeypress
1224,nonkeypress
1225,nonkeypress
1226,nonkeypress
1227,nonkeypress
1228,nonkeypress
1229,nonkeypress
1230,nonkeypress
1231,nonkeypress
1232,nonkeypress
1233,nonkeypress
1234,nonkeypress
1235,nonkeypress
1236,nonkeypress
1237,nonkeypress
1238,nonkeypress
1239,nonkeypress
1240,nonkeypress
1241,nonkeypress
1242,nonkeypress
1243,nonkeypress
1244,nonkeypress
1245,nonkeypress
1246,nonkeypress
1247,nonkeypress
1248,nonkeypress
1249,nonkeypress
1250,nonkeypress
1251,nonkeypress
1252,nonkeypress
1253,nonkeypress
1254,nonkeypress
1255,nonkeypress
1256,nonkeypress
1257,nonkeypress
1258,nonkeypress
1259,nonkeypress
1260,nonkeypress
1261,nonkeypress
1262,nonkeypress
1263,nonkeypress
1264,nonkeypress
1265,nonkeypress
1266,nonkeypress
1267,nonkeypress
1268,nonkeypress
1269,nonkeypress
1270,nonkeypress
1271,nonkeypress
1272,nonkeypress
1273,nonkeypress
1274,nonkeypress
1275,nonkeypress
1276,nonkeypress
1277,nonkeypress
1278,nonkeypress
1279,nonkeypress
1280,nonkeypress
1281,nonkeypress
1282,nonkeypress
1283,nonkeypress
1284,nonkeypress
1285,nonkeypress
1286,nonkeypress
1287,nonkeypress
1288,nonkeypress
1289,nonkeypress
1290,nonkeypress
1291,nonkeypress
1292,nonkeypress
1293,nonkeypress
1294,nonkeypress
1295,nonkeypress
1296,nonkeypress
1297,nonkeypress
1298,nonkeypress
1299,nonkeypress
1300,nonkeypress
1301,nonkeypress
1302,nonkeypress
1303,nonkeypress
1304,nonkeypress
1305,nonkeypress
1306,nonkeypress
1307,nonkeypress
1308,nonkeypress
1309,nonkeypress
1310,nonkeypress
1311,nonkeypress
1312,nonkeypress
1313,nonkeypress
1314,nonkeypress
1315,nonkeypress
1316,nonkeypress
1317,nonkeypress
1318,nonkeypress
1319,nonkeypress
1320,nonkeypress
1321,nonkeypress
1322,nonkeypress
1323,nonkeypress
1324,nonkeypress
1325,nonkeypress
1326,nonkeypress
1327,nonkeypress
1328,nonkeypress
1329,nonkeypress
1330,nonkeypress
1331,nonkeypress
1332,nonkeypress
1333,nonkeypress
1334,nonkeypress
1335,nonkeypress
1336,nonkeypress
1337,nonkeypress
1338,nonkeypress
1339,nonkeypress
1340,nonkeypress
1341,nonkeypress
1342,nonkeypress
1343,nonkeypress
1344,nonkeypress
1345,nonkeypress
1346,nonkeypress
1347,nonkeypress
1348,nonkeypress
1349,nonkeypress
1350,nonkeypress
1351,nonkeypress
1352,nonkeypress
1353,nonkeypress
1354,nonkeypress
1355,nonkeypress
1356,nonkeypress
1357,nonkeypress
1358,nonkeypress
1359,nonkeypress
1360,nonkeypress
1361,nonkeypress
1362,nonkeypress
1363,nonkeypress
1364,nonkeypress
1365,nonkeypress
1366,nonkeypress
1367,nonkeypress
1368,nonkeypress
1369,nonkeypress
1370,nonkeypress
1371,nonkeypress
1372,nonkeypress
1373,nonkeypress
1374,nonkeypress
1375,nonkeypress
1376,nonkeypress
1377,nonkeypress
1378,nonkeypress
1379,nonkeypress
1380,nonkeypress
1381,nonkeypress
1382,nonkeypress
1383,nonkeypress
1384,nonkeypress
1385,nonkeypress
1386,nonkeypress
1387,nonkeypress
1388,nonkeypress
1389,nonkeypress
1390,nonkeypress
1391,nonkeypress
1392,nonkeypress
1393,nonkeypress
1394,nonkeypress
1395,nonkeypress
1396,nonkeypress
1397,nonkeypress
1398,nonkeypress
1399,nonkeypress
1400,nonkeypress
1401,nonkeypress
1402,nonkeypress
1403,nonkeypress
1404,nonkeypress
1405,nonkeypress
1406,nonkeypress
1407,nonkeypress
1408,nonkeypress
1409,nonkeypress
1410,nonkeypress
1411,nonkeypress
1412,nonkeypress
1413,nonkeypress
1414,nonkeypress
1415,nonkeypress
1416,nonkeypress
1417,nonkeypress
1418,nonkeypress
1419,nonkeypress
1420,nonkeypress
1421,nonkeypress
1422,nonkeypress
1423,nonkeypress
1424,nonkeypress
1425,nonkeypress
1426,nonkeypress
1427,nonkeypress
1428,nonkeypress
1429,nonkeypress
1430,nonkeypress
1431,nonkeypress
1432,nonkeypress
1433,nonkeypress
1434,nonkeypress
1435,nonkeypress
1436,nonkeypress
1437,nonkeypress
1438,nonkeypress
1439,nonkeypress
1440,nonkeypress
1441,nonkeypress
1442,nonkeypress
1443,nonkeypress
1444,nonkeypress
1445,nonkeypress
1446,nonkeypress
1447,nonkeypress
1448,nonkeypress
1449,nonkeypress
1450,nonkeypress
1451,nonkeypress
1452,nonkeypress
1453,nonkeypress
1454,nonkeypress
1455,nonkeypress
1456,nonkeypress
1457,nonkeypress
1458,nonkeypress
1459,nonkeypress
1460,nonkeypress
1461,nonkeypress
1462,nonkeypress
1463,nonkeypress
1464,nonkeypress
1465,nonkeypress
1466,nonkeypress
1467,nonkeypress
1468,nonkeypress
1469,nonkeypress
1470,nonkeypress
1471,nonkeypress
1472,nonkeypress
1473,nonkeypress
1474,nonkeypress
1475,nonkeypress
1476,nonkeypress
1477,nonkeypress
1478,nonkeypress
1479,nonkeypress
1480,nonkeypress
1481,nonkeypress
1482,nonkeypress
1483,nonkeypress
1484,nonkeypress
1485,nonkeypress
1486,nonkeypress
1487,nonkeypress
1488,nonkeypress
1489,nonkeypress
1490,nonkeypress
1491,nonkeypress
1492,nonkeypress
1493,nonkeypress
1494,nonkeypress
1495,nonkeypress
1496,nonkeypress
1497,nonkeypress
1498,nonkeypress
1499,nonkeypress
1500,nonkeypress
1501,nonkeypress
1502,nonkeypress
1503,nonkeypress
1504,nonkeypress
1505,nonkeypress
1506,nonkeypress
1507,nonkeypress
1508,nonkeypress
1509,nonkeypress
1510,nonkeypress
1511,nonkeypress
1512,nonkeypress
1513,nonkeypress
1514,nonkeypress
1515,nonkeypress
1516,nonkeypress
1517,nonkeypress
1518,nonkeypress
1519,nonkeypress
1520,nonkeypress
1521,nonkeypress
1522,nonkeypress
1523,nonkeypress
1524,nonkeypress
1525,nonkeypress
1526,nonkeypress
1527,nonkeypress
1528,nonkeypress
1529,nonkeypress
1530,nonkeypress
1531,nonkeypress
1532,nonkeypress
1533,nonkeypress
1534,nonkeypress
1535,nonkeypress
1536,nonkeypress
1537,nonkeypress
1538,nonkeypress
1539,nonkeypress
1540,nonkeypress
1541,nonkeypress
1542,nonkeypress
1543,nonkeypress
1544,nonkeypress
1545,nonkeypress
1546,nonkeypress
1547,nonkeypress
1548,nonkeypress
1549,nonkeypress
1550,nonkeypress
1551,nonkeypress
1552,nonkeypress
1553,nonkeypress
1554,nonkeypress
1555,nonkeypress
1556,nonkeypress
1557,nonkeypress
1558,nonkeypress
1559,nonkeypress
1560,nonkeypress
1561,nonkeypress
1562,nonkeypress
1563,nonkeypress
1564,nonkeypress
1565,nonkeypress
1566,nonkeypress
1567,nonkeypress
1568,nonkeypress
1569,nonkeypress
1570,nonkeypress
1571,nonkeypress
1572,nonkeypress
1573,nonkeypress
1574,nonkeypress
1575,nonkeypress
1576,nonkeypress
1577,nonkeypress
1578,nonkeypress
1579,nonkeypress
1580,nonkeypress
1581,nonkeypress
1582,nonkeypress
1583,nonkeypress
1584,nonkeypress
1585,nonkeypress
1586,nonkeypress
1587,nonkeypress
1588,nonkeypress
1589,nonkeypress
1590,nonkeypress
1591,nonkeypress
1592,nonkeypress
1593,nonkeypress
1594,nonkeypress
1595,nonkeypress
1596,nonkeypress
1597,nonkeypress
1598,nonkeypress
1599,nonkeypress
1600,nonkeypress
1601,nonkeypress
1602,nonkeypress
1603,nonkeypress
1604,nonkeypress
1605,nonkeypress
1606,nonkeypress
1607,nonkeypress
1608,nonkeypress
1609,nonkeypress
1610,nonkeypress
1611,nonkeypress
1612,nonkeypress
1613,nonkeypress
1614,nonkeypress
1615,nonkeypress
1616,nonkeypress
1617,nonkeypress
1618,nonkeypress
1619,nonkeypress
1620,nonkeypress
1621,nonkeypress
1622,nonkeypress
1623,nonkeypress
1624,nonkeypress
1625,nonkeypress
1626,nonkeypress
1627,nonkeypress
1628,nonkeypress
1629,nonkeypress
1630,nonkeypress
1631,nonkeypress
1632,nonkeypress
1633,nonkeypress
1634,nonkeypress
1635,nonkeypress
1636,nonkeypress
1637,nonkeypress
1638,nonkeypress
1639,nonkeypress
1640,nonkeypress
1641,nonkeypress
1642,nonkeypress
1643,nonkeypress
1644,nonkeypress
1645,nonkeypress
1646,nonkeypress
1647,nonkeypress
1648,keypress
1649,keypress
1650,keypress
1651,keypress
1652,keypress
1653,keypress
1654,nonkeypress
1655,nonkeypress
1656,nonkeypress
1657,nonkeypress
1658,nonkeypress
1659,nonkeypress
1660,nonkeypress
1661,nonkeypress
1662,nonkeypress
1663,nonkeypress
1664,nonkeypress
1665,nonkeypress
1666,nonkeypress
1667,nonkeypress
1668,nonkeypress
1669,nonkeypress
1670,nonkeypress
1671,nonkeypress
1672,nonkeypress
1673,nonkeypress
1674,nonkeypress
1675,nonkeypress
1676,nonkeypress
1677,nonkeypress
1678,nonkeypress
1679,nonkeypress
1680,nonkeypress
1681,nonkeypress
1682,nonkeypress
1683,nonkeypress
1684,nonkeypress
1685,nonkeypress
1686,nonkeypress
1687,nonkeypress
1688,nonkeypress
1689,nonkeypress
1690,nonkeypress
1691,nonkeypress
1692,nonkeypress
1693,nonkeypress
1694,nonkeypress
1695,nonkeypress
1696,nonkeypress
1697,nonkeypress
1698,nonkeypress
1699,nonkeypress
1700,nonkeypress
1701,nonkeypress
1702,nonkeypress
1703,nonkeypress
1704,nonkeypress
1705,nonkeypress
1706,nonkeypress
1707,nonkeypress
1708,nonkeypress
1709,nonkeypress
1710,nonkeypress
1711,nonkeypress
1712,nonkeypress
1713,nonkeypress
1714,nonkeypress
1715,nonkeypress
1716,nonkeypress
1717,nonkeypress
1718,nonkeypress
1719,nonkeypress
1720,nonkeypress
1721,nonkeypress
1722,nonkeypress
1723,nonkeypress
1724,nonkeypress
1725,nonkeypress
1726,nonkeypress
1727,nonkeypress
1728,nonkeypress
1729,nonkeypress
1730,nonkeypress
1731,nonkeypress
1732,nonkeypress
1733,nonkeypress
1734,nonkeypress
1735,nonkeypress
1736,nonkeypress
1737,nonkeypress
1738,nonkeypress
1739,nonkeypress
1740,nonkeypress
1741,nonkeypress
1742,nonkeypress
1743,nonkeypress
1744,nonkeypress
1745,nonkeypress
1746,nonkeypress
1747,nonkeypress
1748,nonkeypress
1749,nonkeypress
1750,nonkeypress
1751,nonkeypress
1752,nonkeypress
1753,nonkeypress
1754,nonkeypress
1755,nonkeypress
1756,nonkeypress
1757,nonkeypress
1758,nonkeypress
1759,nonkeypress
1760,nonkeypress
1761,nonkeypress
1762,nonkeypress
1763,nonkeypress
1764,nonkeypress
1765,nonkeypress
1766,nonkeypress
1767,nonkeypress
1768,nonkeypress
1769,nonkeypress
1770,nonkeypress
1771,nonkeypress
1772,nonkeypress
1773,nonkeypress
1774,nonkeypress
1775,nonkeypress
1776,nonkeypress
1777,nonkeypress
1778,nonkeypress
1779,nonkeypress
1780,nonkeypress
1781,nonkeypress
1782,nonkeypress
1783,nonkeypress
1784,nonkeypress
1785,nonkeypress
1786,nonkeypress
1787,nonkeypress
1788,nonkeypress
1789,nonkeypress
1790,nonkeypress
1791,nonkeypress
1792,nonkeypress
1793,nonkeypress
1794,nonkeypress
1795,nonkeypress
1796,nonkeypress
1797,nonkeypress
1798,nonkeypress
1799,nonkeypress
1800,nonkeypress
1801,nonkeypress
1802,nonkeypress
1803,nonkeypress
1804,nonkeypress
1805,nonkeypress
1806,nonkeypress
1807,nonkeypress
1808,nonkeypress
1809,nonkeypress
1810,nonkeypress
1811,nonkeypress
1812,nonkeypress
1813,nonkeypress
1814,nonkeypress
1815,nonkeypress
1816,nonkeypress
1817,nonkeypress
1818,nonkeypress
1819,nonkeypress
1820,nonkeypress
1821,nonkeypress
1822,nonkeypress
1823,nonkeypress
1824,nonkeypress
1825,nonkeypress
1826,nonkeypress
1827,nonkeypress
1828,nonkeypress
1829,nonkeypress
1830,nonkeypress
1831,nonkeypress
1832,nonkeypress
1833,nonkeypress
1834,nonkeypress
1835,nonkeypress
1836,nonkeypress
1837,nonkeypress
1838,nonkeypress
1839,nonkeypress
1840,nonkeypress
1841,nonkeypress
1842,nonkeypress
1843,nonkeypress
1844,nonkeypress
1845,nonkeypress
1846,nonkeypress
1847,nonkeypress
1848,nonkeypress
1849,nonkeypress
1850,nonkeypress
1851,nonkeypress
1852,nonkeypress
1853,nonkeypress
1854,nonkeypress
1855,nonkeypress
1856,nonkeypress
1857,nonkeypress
1858,nonkeypress
1859,nonkeypress
1860,nonkeypress
1861,nonkeypress
1862,nonkeypress
1863,nonkeypress
1864,nonkeypress
1865,nonkeypress
1866,nonkeypress
1867,nonkeypress
1868,nonkeypress
1869,nonkeypress
1870,nonkeypress
1871,nonkeypress
1872,nonkeypress
1873,nonkeypress
1874,nonkeypress
1875,nonkeypress
1876,nonkeypress
1877,nonkeypress
1878,nonkeypress
1879,nonkeypress
1880,nonkeypress
1881,nonkeypress
1882,nonkeypress
1883,nonkeypress
1884,nonkeypress
1885,nonkeypress
1886,nonkeypress
1887,nonkeypress
1888,nonkeypress
1889,nonkeypress
1890,nonkeypress
1891,nonkeypress
1892,nonkeypress
1893,nonkeypress
1894,nonkeypress
1895,nonkeypress
1896,nonkeypress
1897,nonkeypress
1898,nonkeypress
1899,nonkeypress
1900,nonkeypress
1901,nonkeypress
1902,nonkeypress
1903,nonkeypress
1904,nonkeypress
1905,nonkeypress
1906,nonkeypress
1907,nonkeypress
1908,nonkeypress
1909,nonkeypress
1910,nonkeypress
1911,nonkeypress
1912,nonkeypress
1913,nonkeypress
1914,nonkeypress
1915,nonkeypress
1916,nonkeypress
1917,nonkeypress
1918,nonkeypress
1919,nonkeypress
1920,nonkeypress
1921,nonkeypress
1922,nonkeypress
1923,nonkeypress
1924,nonkeypress
1925,nonkeypress
1926,nonkeypress
1927,nonkeypress
1928,nonkeypress
1929,nonkeypress
1930,nonkeypress
1931,nonkeypress
1932,nonkeypress
1933,nonkeypress
1934,nonkeypress
1935,nonkeypress
1936,nonkeypress
1937,nonkeypress
1938,nonkeypress
1939,nonkeypress
1940,nonkeypress
1941,nonkeypress
1942,nonkeypress
1943,nonkeypress
1944,nonkeypress
1945,nonkeypress
1946,nonkeypress
1947,nonkeypress
1948,nonkeypress
1949,nonkeypress
1950,nonkeypress
1951,nonkeypress
1952,nonkeypress
1953,nonkeypress
1954,nonkeypress
1955,nonkeypress
1956,nonkeypress
1957,nonkeypress
1958,nonkeypress
1959,nonkeypress
1960,nonkeypress
1961,nonkeypress
1962,nonkeypress
1963,nonkeypress
1964,nonkeypress
1965,nonkeypress
1966,nonkeypress
1967,nonkeypress
1968,nonkeypress
1969,nonkeypress
1970,nonkeypress
1971,nonkeypress
1972,nonkeypress
1973,nonkeypress
1974,nonkeypress
1975,nonkeypress
1976,nonkeypress
1977,nonkeypress
1978,nonkeypress
1979,nonkeypress
1980,nonkeypress
1981,nonkeypress
1982,nonkeypress
1983,nonkeypress
1984,nonkeypress
1985,nonkeypress
1986,nonkeypress
1987,nonkeypress
1988,nonkeypress
1989,nonkeypress
1990,nonkeypress
1991,nonkeypress
1992,nonkeypress
1993,nonkeypress
1994,nonkeypress
1995,nonkeypress
1996,nonkeypress
1997,nonkeypress
1998,nonkeypress
1999,nonkeypress
2000,nonkeypress
2001,nonkeypress
2002,nonkeypress
2003,nonkeypress
2004,nonkeypress
2005,nonkeypress
2006,nonkeypress
2007,nonkeypress
2008,nonkeypress
2009,nonkeypress
2010,nonkeypress
2011,nonkeypress
2012,nonkeypress
2013,nonkeypress
2014,nonkeypress
2015,nonkeypress
2016,nonkeypress
2017,nonkeypress
2018,nonkeypress
2019,nonkeypress
2020,nonkeypress
2021,nonkeypress
2022,nonkeypress
2023,nonkeypress
2024,nonkeypress
2025,nonkeypress
2026,nonkeypress
2027,nonkeypress
2028,nonkeypress
2029,nonkeypress
2030,nonkeypress
2031,nonkeypress
2032,nonkeypress
2033,nonkeypress
2034,nonkeypress
2035,nonkeypress
2036,nonkeypress
2037,nonkeypress
2038,nonkeypress
2039,nonkeypress
2040,nonkeypress
2041,nonkeypress
2042,nonkeypress
2043,nonkeypress
2044,nonkeypress
2045,nonkeypress
2046,nonkeypress
2047,nonkeypress
2048,nonkeypress
2049,nonkeypress
2050,nonkeypress
2051,nonkeypress
2052,nonkeypress
2053,nonkeypress
2054,nonkeypress
2055,nonkeypress
2056,nonkeypress
2057,nonkeypress
2058,nonkeypress
2059,nonkeypress
2060,nonkeypress
2061,nonkeypress
2062,nonkeypress
2063,nonkeypress
2064,nonkeypress
2065,nonkeypress
2066,nonkeypress
2067,nonkeypress
2068,nonkeypress
2069,nonkeypress
2070,nonkeypress
2071,nonkeypress
2072,nonkeypress
2073,nonkeypress
2074,nonkeypress
2075,nonkeypress
2076,nonkeypress
2077,nonkeypress
2078,nonkeypress
2079,nonkeypress
2080,nonkeypress
2081,nonkeypress
2082,nonkeypress
2083,nonkeypress
2084,nonkeypress
2085,nonkeypress
2086,nonkeypress
2087,nonkeypress
2088,nonkeypress
2089,nonkeypress
2090,nonkeypress
2091,nonkeypress
2092,nonkeypress
2093,nonkeypress
2094,nonkeypress
2095,nonkeypress
2096,nonkeypress
2097,nonkeypress
2098,nonkeypress
2099,nonkeypress
2100,nonkeypress
2101,nonkeypress
2102,nonkeypress
2103,nonkeypress
2104,nonkeypress
2105,nonkeypress
2106,nonkeypress
2107,nonkeypress
2108,nonkeypress
2109,nonkeypress
2110,nonkeypress
2111,nonkeypress
2112,nonkeypress
2113,nonkeypress
2114,nonkeypress
2115,nonkeypress
2116,nonkeypress
2117,nonkeypress
2118,nonkeypress
2119,nonkeypress
2120,nonkeypress
2121,nonkeypress
2122,nonkeypress
2123,nonkeypress
2124,nonkeypress
2125,nonkeypress
2126,nonkeypress
2127,nonkeypress
2128,nonkeypress
2129,nonkeypress
2130,nonkeypress
2131,nonkeypress
2132,nonkeypress
2133,nonkeypress
2134,nonkeypress
2135,nonkeypress
2136,nonkeypress
2137,nonkeypress
2138,nonkeypress
2139,nonkeypress
2140,nonkeypress
2141,nonkeypress
2142,nonkeypress
2143,nonkeypress
2144,nonkeypress
2145,nonkeypress
2146,nonkeypress
2147,nonkeypress
2148,nonkeypress
2149,nonkeypress
2150,nonkeypress
2151,nonkeypress
2152,nonkeypress
2153,nonkeypress
2154,nonkeypress
2155,nonkeypress
2156,nonkeypress
2157,nonkeypress
2158,nonkeypress
2159,nonkeypress
2160,nonkeypress
2161,nonkeypress
2162,nonkeypress
2163,nonkeypress
2164,nonkeypress
2165,nonkeypress
2166,nonkeypress
2167,nonkeypress
2168,nonkeypress
2169,nonkeypress
2170,nonkeypress
2171,nonkeypress
2172,nonkeypress
2173,nonkeypress
2174,nonkeypress
2175,nonkeypress
2176,nonkeypress
2177,nonkeypress
2178,nonkeypress
2179,nonkeypress
2180,nonkeypress
2181,nonkeypress
2182,nonkeypress
2183,nonkeypress
2184,nonkeypress
2185,nonkeypress
2186,nonkeypress
2187,nonkeypress
2188,nonkeypress
2189,nonkeypress
2190,nonkeypress
2191,nonkeypress
2192,nonkeypress
2193,nonkeypress
2194,nonkeypress
2195,nonkeypress
2196,nonkeypress
2197,nonkeypress
2198,nonkeypress
2199,nonkeypress
2200,nonkeypress
2201,nonkeypress
2202,nonkeypress
2203,nonkeypress
2204,nonkeypress
2205,nonkeypress
2206,nonkeypress
2207,nonkeypress
2208,nonkeypress
2209,nonkeypress
2210,nonkeypress
2211,nonkeypress
2212,nonkeypress
2213,nonkeypress
2214,nonkeypress
2215,nonkeypress
2216,nonkeypress
2217,nonkeypress
2218,nonkeypress
2219,nonkeypress
2220,nonkeypress
2221,nonkeypress
2222,nonkeypress
2223,nonkeypress
2224,nonkeypress
2225,nonkeypress
2226,nonkeypress
2227,nonkeypress
2228,nonkeypress
2229,nonkeypress
2230,nonkeypress
2231,nonkeypress
2232,nonkeypress
2233,nonkeypress
2234,nonkeypress
2235,nonkeypress
2236,nonkeypress
2237,nonkeypress
2238,nonkeypress
2239,nonkeypress
2240,nonkeypress
2241,nonkeypress
2242,nonkeypress
2243,nonkeypress
2244,nonkeypress
2245,nonkeypress
2246,nonkeypress
2247,nonkeypress
2248,nonkeypress
2249,nonkeypress
2250,nonkeypress
2251,nonkeypress
2252,nonkeypress
2253,nonkeypress
2254,nonkeypress
2255,nonkeypress
2256,nonkeypress
2257,nonkeypress
2258,nonkeypress
2259,nonkeypress
2260,nonkeypress
2261,nonkeypress
2262,nonkeypress
2263,nonkeypress
2264,nonkeypress
2265,nonkeypress
2266,nonkeypress
2267,nonkeypress
2268,nonkeypress
2269,nonkeypress
2270,nonkeypress
2271,nonkeypress
2272,nonkeypress
2273,nonkeypress
2274,keypress
2275,keypress
2276,keypress
2277,keypress
2278,keypress
2279,keypress
2280,keypress
2281,nonkeypress
2282,nonkeypress
2283,nonkeypress
2284,nonkeypress
2285,nonkeypress
2286,nonkeypress
2287,nonkeypress
2288,nonkeypress
2289,nonkeypress
2290,nonkeypress
2291,nonkeypress
2292,nonkeypress
2293,nonkeypress
2294,nonkeypress
2295,nonkeypress
2296,nonkeypress
2297,nonkeypress
2298,nonkeypress
2299,nonkeypress
2300,nonkeypress
2301,nonkeypress
2302,nonkeypress
2303,nonkeypress
2304,nonkeypress
2305,nonkeypress
2306,nonkeypress
2307,nonkeypress
2308,nonkeypress
2309,nonkeypress
2310,nonkeypress
2311,nonkeypress
2312,nonkeypress
2313,nonkeypress
2314,nonkeypress
2315,nonkeypress
2316,nonkeypress
2317,nonkeypress
2318,nonkeypress
2319,nonkeypress
2320,nonkeypress
2321,nonkeypress
2322,nonkeypress
2323,nonkeypress
2324,nonkeypress
2325,nonkeypress
2326,nonkeypress
2327,nonkeypress
2328,nonkeypress
2329,nonkeypress
2330,nonkeypress
2331,nonkeypress
2332,nonkeypress
2333,nonkeypress
2334,nonkeypress
2335,nonkeypress
2336,nonkeypress
2337,nonkeypress
2338,nonkeypress
2339,nonkeypress
2340,nonkeypress
2341,nonkeypress
2342,nonkeypress
2343,nonkeypress
2344,nonkeypress
2345,nonkeypress
2346,nonkeypress
2347,nonkeypress
2348,nonkeypress
2349,nonkeypress
2350,nonkeypress
2351,nonkeypress
2352,nonkeypress
2353,nonkeypress
2354,nonkeypress
2355,nonkeypress
2356,nonkeypress
2357,nonkeypress
2358,nonkeypress
2359,nonkeypress
2360,nonkeypress
2361,nonkeypress
2362,nonkeypress
2363,nonkeypress
2364,nonkeypress
2365,nonkeypress
2366,nonkeypress
2367,nonkeypress
2368,nonkeypress
2369,nonkeypress
2370,nonkeypress
2371,nonkeypress
2372,nonkeypress
2373,nonkeypress
2374,nonkeypress
2375,nonkeypress
2376,nonkeypress
2377,nonkeypress
2378,nonkeypress
2379,nonkeypress
2380,nonkeypress
2381,nonkeypress
2382,nonkeypress
2383,nonkeypress
2384,nonkeypress
2385,nonkeypress
2386,nonkeypress
2387,nonkeypress
2388,nonkeypress
2389,nonkeypress
2390,nonkeypress
2391,nonkeypress
2392,nonkeypress
2393,nonkeypress
2394,nonkeypress
2395,nonkeypress
2396,nonkeypress
2397,nonkeypress
2398,nonkeypress
2399,nonkeypress
2400,nonkeypress
2401,nonkeypress
2402,nonkeypress
2403,nonkeypress
2404,nonkeypress
2405,nonkeypress
2406,nonkeypress
2407,nonkeypress
2408,nonkeypress
2409,nonkeypress
2410,nonkeypress
2411,nonkeypress
2412,nonkeypress
2413,nonkeypress
2414,nonkeypress
2415,nonkeypress
2416,nonkeypress
2417,nonkeypress
2418,nonkeypress
2419,nonkeypress
2420,nonkeypress
2421,nonkeypress
2422,nonkeypress
2423,nonkeypress
2424,nonkeypress
2425,nonkeypress
2426,nonkeypress
2427,nonkeypress
2428,nonkeypress
2429,nonkeypress
2430,nonkeypress
2431,nonkeypress
2432,nonkeypress
2433,nonkeypress
2434,nonkeypress
2435,nonkeypress
2436,nonkeypress
2437,nonkeypress
2438,nonkeypress
2439,nonkeypress
2440,nonkeypress
2441,nonkeypress
2442,nonkeypress
2443,nonkeypress
2444,nonkeypress
2445,nonkeypress
2446,nonkeypress
2447,nonkeypress
2448,nonkeypress
2449,nonkeypress
2450,nonkeypress
2451,nonkeypress
2452,nonkeypress
2453,nonkeypress
2454,nonkeypress
2455,nonkeypress
2456,nonkeypress
2457,nonkeypress
2458,nonkeypress
2459,nonkeypress
2460,nonkeypress
2461,nonkeypress
2462,nonkeypress
2463,nonkeypress
2464,nonkeypress
2465,nonkeypress
2466,nonkeypress
2467,nonkeypress
2468,nonkeypress
2469,nonkeypress
2470,nonkeypress
2471,nonkeypress
2472,nonkeypress
2473,nonkeypress
2474,nonkeypress
2475,nonkeypress
2476,nonkeypress
2477,nonkeypress
2478,nonkeypress
2479,nonkeypress
2480,nonkeypress
2481,nonkeypress
2482,nonkeypress
2483,nonkeypress
2484,nonkeypress
2485,nonkeypress
2486,nonkeypress
2487,nonkeypress
2488,nonkeypress
2489,nonkeypress
2490,nonkeypress
2491,nonkeypress
2492,nonkeypress
2493,nonkeypress
2494,nonkeypress
2495,nonkeypress
2496,nonkeypress
2497,nonkeypress
2498,nonkeypress
2499,nonkeypress
2500,nonkeypress
2501,nonkeypress
2502,nonkeypress
2503,nonkeypress
2504,nonkeypress
2505,nonkeypress
2506,nonkeypress
2507,nonkeypress
2508,nonkeypress
2509,nonkeypress
2510,nonkeypress
2511,nonkeypress
2512,nonkeypress
2513,nonkeypress
2514,nonkeypress
2515,nonkeypress
2516,nonkeypress
2517,nonkeypress
2518,nonkeypress
2519,nonkeypress
2520,nonkeypress
2521,nonkeypress
2522,nonkeypress
2523,nonkeypress
2524,nonkeypress
2525,nonkeypress
2526,nonkeypress
2527,nonkeypress
2528,nonkeypress
2529,nonkeypress
2530,nonkeypress
2531,nonkeypress
2532,nonkeypress
2533,nonkeypress
2534,nonkeypress
2535,nonkeypress
2536,nonkeypress
2537,nonkeypress
2538,nonkeypress
2539,nonkeypress
2540,nonkeypress
2541,nonkeypress
2542,nonkeypress
2543,nonkeypress
2544,nonkeypress
2545,nonkeypress
2546,nonkeypress
2547,nonkeypress
2548,nonkeypress
2549,nonkeypress
2550,nonkeypress
2551,nonkeypress
2552,nonkeypress
2553,nonkeypress
2554,nonkeypress
2555,nonkeypress
2556,nonkeypress
2557,nonkeypress
2558,nonkeypress
2559,nonkeypress
2560,nonkeypress
2561,nonkeypress
2562,nonkeypress
2563,nonkeypress
2564,nonkeypress
2565,nonkeypress
2566,nonkeypress
2567,nonkeypress
2568,nonkeypress
2569,nonkeypress
2570,nonkeypress
2571,nonkeypress
2572,nonkeypress
2573,nonkeypress
2574,nonkeypress
2575,nonkeypress
2576,nonkeypress
2577,nonkeypress
2578,nonkeypress
2579,nonkeypress
2580,nonkeypress
2581,nonkeypress
2582,nonkeypress
2583,nonkeypress
2584,nonkeypress
2585,nonkeypress
2586,keypress
2587,keypress
2588,keypress
2589,keypress
2590,keypress
2591,keypress
2592,nonkeypress
2593,nonkeypress
2594,nonkeypress
2595,nonkeypress
2596,nonkeypress
2597,nonkeypress
2598,nonkeypress
2599,nonkeypress
2600,nonkeypress
2601,nonkeypress
2602,nonkeypress
2603,nonkeypress
2604,nonkeypress
2605,nonkeypress
2606,nonkeypress
2607,nonkeypress
2608,nonkeypress
2609,nonkeypress
2610,nonkeypress
2611,nonkeypress
2612,nonkeypress
2613,nonkeypress
2614,nonkeypress
2615,nonkeypress
2616,nonkeypress
2617,nonkeypress
2618,nonkeypress
2619,nonkeypress
2620,nonkeypress
2621,nonkeypress
2622,nonkeypress
2623,nonkeypress
2624,nonkeypress
2625,nonkeypress
2626,nonkeypress
2627,nonkeypress
2628,nonkeypress
2629,nonkeypress
2630,nonkeypress
2631,nonkeypress
2632,nonkeypress
2633,nonkeypress
2634,nonkeypress
2635,nonkeypress
2636,nonkeypress
2637,nonkeypress
2638,nonkeypress
2639,nonkeypress
2640,nonkeypress
2641,nonkeypress
2642,nonkeypress
2643,nonkeypress
2644,nonkeypress
2645,nonkeypress
2646,nonkeypress
2647,nonkeypress
2648,nonkeypress
2649,nonkeypress
2650,nonkeypress
2651,nonkeypress
2652,nonkeypress
2653,nonkeypress
2654,nonkeypress
2655,nonkeypress
2656,nonkeypress
2657,nonkeypress
2658,nonkeypress
2659,nonkeypress
2660,nonkeypress
2661,nonkeypress
2662,nonkeypress
2663,nonkeypress
2664,nonkeypress
2665,nonkeypress
2666,nonkeypress
2667,nonkeypress
2668,nonkeypress
2669,nonkeypress
2670,nonkeypress
2671,nonkeypress
2672,nonkeypress
2673,nonkeypress
2674,nonkeypress
2675,nonkeypress
2676,nonkeypress
2677,nonkeypress
2678,nonkeypress
2679,nonkeypress
2680,nonkeypress
2681,nonkeypress
2682,nonkeypress
2683,nonkeypress
2684,nonkeypress
2685,nonkeypress
2686,nonkeypress
2687,nonkeypress
2688,nonkeypress
2689,nonkeypress
2690,nonkeypress
2691,nonkeypress
2692,nonkeypress
2693,nonkeypress
2694,nonkeypress
2695,nonkeypress
2696,nonkeypress
2697,nonkeypress
2698,nonkeypress
2699,nonkeypress
2700,nonkeypress
2701,nonkeypress
2702,nonkeypress
2703,nonkeypress
2704,nonkeypress
2705,nonkeypress
2706,nonkeypress
2707,nonkeypress
2708,nonkeypress
2709,nonkeypress
2710,nonkeypress
2711,nonkeypress
2712,nonkeypress
2713,nonkeypress
2714,nonkeypress
2715,nonkeypress
2716,nonkeypress
2717,nonkeypress
2718,nonkeypress
2719,nonkeypress
2720,nonkeypress
2721,nonkeypress
2722,nonkeypress
2723,nonkeypress
2724,nonkeypress
2725,nonkeypress
2726,nonkeypress
2727,nonkeypress
2728,nonkeypress
2729,nonkeypress
2730,nonkeypress
2731,nonkeypress
2732,nonkeypress
2733,nonkeypress
2734,nonkeypress
2735,nonkeypress
2736,nonkeypress
2737,nonkeypress
2738,nonkeypress
2739,nonkeypress
2740,nonkeypress
2741,nonkeypress
2742,nonkeypress
2743,nonkeypress
2744,nonkeypress
2745,nonkeypress
2746,nonkeypress
2747,nonkeypress
2748,nonkeypress
2749,nonkeypress
2750,nonkeypress
2751,nonkeypress
2752,nonkeypress
2753,nonkeypress
2754,nonkeypress
2755,nonkeypress
2756,nonkeypress
2757,nonkeypress
2758,nonkeypress
2759,nonkeypress
2760,nonkeypress
2761,nonkeypress
2762,nonkeypress
2763,nonkeypress
2764,nonkeypress
2765,nonkeypress
2766,nonkeypress
2767,nonkeypress
2768,nonkeypress
2769,nonkeypress
2770,nonkeypress
2771,nonkeypress
2772,nonkeypress
2773,nonkeypress
2774,nonkeypress
2775,nonkeypress
2776,nonkeypress
2777,nonkeypress
2778,nonkeypress
2779,nonkeypress
2780,nonkeypress
2781,nonkeypress
2782,nonkeypress
2783,nonkeypress
2784,nonkeypress
2785,nonkeypress
2786,nonkeypress
2787,nonkeypress
2788,nonkeypress
2789,nonkeypress
2790,nonkeypress
2791,nonkeypress
2792,nonkeypress
2793,nonkeypress
2794,nonkeypress
2795,nonkeypress
2796,nonkeypress
2797,nonkeypress
2798,nonkeypress
2799,nonkeypress
2800,nonkeypress
2801,nonkeypress
2802,nonkeypress
2803,nonkeypress
2804,nonkeypress
2805,nonkeypress
2806,nonkeypress
2807,nonkeypress
2808,nonkeypress
2809,nonkeypress
2810,nonkeypress
2811,nonkeypress
2812,nonkeypress
2813,nonkeypress
2814,nonkeypress
2815,nonkeypress
2816,nonkeypress
2817,nonkeypress
2818,nonkeypress
2819,nonkeypress
2820,nonkeypress
2821,nonkeypress
2822,nonkeypress
2823,nonkeypress
2824,nonkeypress
2825,nonkeypress
2826,nonkeypress
2827,nonkeypress
2828,nonkeypress
2829,nonkeypress
2830,nonkeypress
2831,nonkeypress
2832,nonkeypress
2833,nonkeypress
2834,nonkeypress
2835,nonkeypress
2836,nonkeypress
2837,nonkeypress
2838,nonkeypress
2839,nonkeypress
2840,nonkeypress
2841,nonkeypress
2842,nonkeypress
2843,nonkeypress
2844,nonkeypress
2845,nonkeypress
2846,nonkeypress
2847,nonkeypress
2848,nonkeypress
2849,nonkeypress
2850,nonkeypress
2851,nonkeypress
2852,nonkeypress
2853,nonkeypress
2854,nonkeypress
2855,nonkeypress
2856,nonkeypress
2857,nonkeypress
2858,nonkeypress
2859,nonkeypress
2860,nonkeypress
2861,nonkeypress
2862,nonkeypress
2863,nonkeypress
2864,nonkeypress
2865,nonkeypress
2866,nonkeypress
2867,nonkeypress
2868,nonkeypress
2869,nonkeypress
2870,nonkeypress
2871,nonkeypress
2872,nonkeypress
2873,nonkeypress
2874,nonkeypress
2875,nonkeypress
2876,nonkeypress
2877,nonkeypress
2878,nonkeypress
2879,nonkeypress
2880,nonkeypress
2881,nonkeypress
2882,nonkeypress
2883,nonkeypress
2884,nonkeypress
2885,nonkeypress
2886,nonkeypress
2887,nonkeypress
2888,nonkeypress
2889,nonkeypress
2890,nonkeypress
2891,nonkeypress
2892,nonkeypress
2893,nonkeypress
2894,nonkeypress
2895,nonkeypress
2896,nonkeypress
2897,nonkeypress
2898,nonkeypress
2899,nonkeypress
2900,nonkeypress
2901,nonkeypress
2902,nonkeypress
2903,nonkeypress
2904,nonkeypress
2905,nonkeypress
2906,nonkeypress
2907,nonkeypress
2908,nonkeypress
2909,nonkeypress
2910,nonkeypress
2911,nonkeypress
2912,nonkeypress
2913,nonkeypress
2914,nonkeypress
2915,nonkeypress
2916,nonkeypress
2917,nonkeypress
2918,nonkeypress
2919,nonkeypress
2920,nonkeypress
2921,nonkeypress
2922,nonkeypress
2923,nonkeypress
2924,nonkeypress
2925,nonkeypress
2926,nonkeypress
2927,nonkeypress
2928,nonkeypress
2929,nonkeypress
2930,nonkeypress
2931,nonkeypress
2932,nonkeypress
2933,nonkeypress
2934,nonkeypress
2935,nonkeypress
2936,nonkeypress
2937,nonkeypress
2938,nonkeypress
2939,nonkeypress
2940,nonkeypress
2941,nonkeypress
2942,nonkeypress
2943,nonkeypress
2944,nonkeypress
2945,nonkeypress
2946,nonkeypress
2947,nonkeypress
2948,nonkeypress
2949,nonkeypress
2950,nonkeypress
2951,nonkeypress
2952,nonkeypress
2953,nonkeypress
2954,nonkeypress
2955,nonkeypress
2956,nonkeypress
2957,nonkeypress
2958,nonkeypress
2959,nonkeypress
2960,nonkeypress
2961,nonkeypress
2962,nonkeypress
2963,nonkeypress
2964,nonkeypress
2965,nonkeypress
2966,nonkeypress
2967,nonkeypress
2968,nonkeypress
2969,nonkeypress
2970,nonkeypress
2971,nonkeypress
2972,nonkeypress
2973,nonkeypress
2974,nonkeypress
2975,nonkeypress
2976,nonkeypress
2977,nonkeypress
2978,nonkeypress
2979,nonkeypress
2980,nonkeypress
2981,nonkeypress
2982,nonkeypress
2983,nonkeypress
2984,nonkeypress
2985,nonkeypress
2986,nonkeypress
2987,nonkeypress
2988,nonkeypress
2989,nonkeypress
2990,nonkeypress
2991,nonkeypress
2992,nonkeypress
2993,nonkeypress
2994,nonkeypress
2995,nonkeypress
2996,nonkeypress
2997,nonkeypress
2998,nonkeypress
2999,nonkeypress
3000,nonkeypress
3001,nonkeypress
3002,nonkeypress
3003,nonkeypress
3004,nonkeypress
3005,nonkeypress
3006,nonkeypress
3007,nonkeypress
3008,nonkeypress
3009,nonkeypress
3010,nonkeypress
3011,nonkeypress
3012,nonkeypress
3013,nonkeypress
3014,nonkeypress
3015,nonkeypress
3016,nonkeypress
3017,nonkeypress
3018,nonkeypress
3019,nonkeypress
3020,nonkeypress
3021,nonkeypress
3022,nonkeypress
3023,nonkeypress
3024,nonkeypress
3025,nonkeypress
3026,nonkeypress
3027,nonkeypress
3028,nonkeypress
3029,nonkeypress
3030,nonkeypress
3031,nonkeypress
3032,nonkeypress
3033,nonkeypress
3034,nonkeypress
3035,nonkeypress
3036,nonkeypress
3037,nonkeypress
3038,nonkeypress
3039,nonkeypress
3040,nonkeypress
3041,nonkeypress
3042,nonkeypress
3043,nonkeypress
3044,nonkeypress
3045,nonkeypress
3046,nonkeypress
3047,nonkeypress
3048,nonkeypress
3049,nonkeypress
3050,nonkeypress
3051,nonkeypress
3052,nonkeypress
3053,nonkeypress
3054,nonkeypress
3055,nonkeypress
3056,nonkeypress
3057,nonkeypress
3058,nonkeypress
3059,nonkeypress
3060,nonkeypress
3061,nonkeypress
3062,nonkeypress
3063,nonkeypress
3064,nonkeypress
3065,nonkeypress
3066,nonkeypress
3067,nonkeypress
3068,nonkeypress
3069,nonkeypress
3070,nonkeypress
3071,nonkeypress
3072,nonkeypress
3073,nonkeypress
3074,nonkeypress
3075,nonkeypress
3076,nonkeypress
3077,nonkeypress
3078,nonkeypress
3079,nonkeypress
3080,nonkeypress
3081,nonkeypress
3082,nonkeypress
3083,nonkeypress
3084,nonkeypress
3085,nonkeypress
3086,nonkeypress
3087,nonkeypress
3088,nonkeypress
3089,nonkeypress
3090,nonkeypress
3091,nonkeypress
3092,nonkeypress
3093,nonkeypress
3094,nonkeypress
3095,nonkeypress
3096,nonkeypress
3097,nonkeypress
3098,nonkeypress
3099,nonkeypress
3100,nonkeypress
3101,nonkeypress
3102,nonkeypress
3103,nonkeypress
3104,nonkeypress
3105,nonkeypress
3106,nonkeypress
3107,nonkeypress
3108,nonkeypress
3109,nonkeypress
3110,nonkeypress
3111,nonkeypress
3112,nonkeypress
3113,nonkeypress
3114,nonkeypress
3115,nonkeypress
3116,nonkeypress
3117,nonkeypress
3118,nonkeypress
3119,nonkeypress
3120,nonkeypress
3121,nonkeypress
3122,nonkeypress
3123,nonkeypress
3124,nonkeypress
3125,nonkeypress
3126,nonkeypress
3127,nonkeypress
3128,nonkeypress
3129,nonkeypress
3130,nonkeypress
3131,nonkeypress
3132,nonkeypress
3133,nonkeypress
3134,nonkeypress
3135,nonkeypress
3136,nonkeypress
3137,nonkeypress
3138,nonkeypress
3139,nonkeypress
3140,nonkeypress
3141,nonkeypress
3142,nonkeypress
3143,nonkeypress
3144,nonkeypress
3145,nonkeypress
3146,nonkeypress
3147,nonkeypress
3148,nonkeypress
3149,nonkeypress
3150,nonkeypress
3151,nonkeypress
3152,nonkeypress
3153,nonkeypress
3154,nonkeypress
3155,nonkeypress
3156,nonkeypress
3157,nonkeypress
3158,nonkeypress
3159,nonkeypress
3160,nonkeypress
3161,nonkeypress
3162,nonkeypress
3163,nonkeypress
3164,nonkeypress
3165,nonkeypress
3166,nonkeypress
3167,nonkeypress
3168,nonkeypress
3169,nonkeypress
3170,nonkeypress
3171,nonkeypress
3172,nonkeypress
3173,nonkeypress
3174,nonkeypress
3175,nonkeypress
3176,nonkeypress
3177,nonkeypress
3178,nonkeypress
3179,nonkeypress
3180,nonkeypress
3181,nonkeypress
3182,nonkeypress
3183,nonkeypress
3184,nonkeypress
3185,nonkeypress
3186,nonkeypress
3187,nonkeypress
3188,nonkeypress
3189,nonkeypress
3190,nonkeypress
3191,nonkeypress
3192,nonkeypress
3193,nonkeypress
3194,nonkeypress
3195,nonkeypress
3196,nonkeypress
3197,nonkeypress
3198,nonkeypress
3199,nonkeypress
3200,nonkeypress
3201,nonkeypress
3202,nonkeypress
3203,nonkeypress
3204,nonkeypress
3205,nonkeypress
3206,nonkeypress
3207,nonkeypress
3208,nonkeypress
3209,nonkeypress
3210,nonkeypress
3211,nonkeypress
3212,nonkeypress
3213,nonkeypress
3214,nonkeypress
3215,nonkeypress
3216,nonkeypress
3217,nonkeypress
3218,nonkeypress
3219,nonkeypress
3220,nonkeypress
3221,nonkeypress
3222,nonkeypress
3223,nonkeypress
3224,nonkeypress
3225,nonkeypress
3226,nonkeypress
3227,nonkeypress
3228,nonkeypress
3229,nonkeypress
3230,nonkeypress
3231,nonkeypress
3232,nonkeypress
3233,nonkeypress
3234,nonkeypress
3235,nonkeypress
3236,nonkeypress
3237,nonkeypress
3238,nonkeypress
3239,nonkeypress
3240,nonkeypress
3241,nonkeypress
3242,nonkeypress
3243,nonkeypress
3244,nonkeypress
3245,nonkeypress
3246,nonkeypress
3247,nonkeypress
3248,nonkeypress
3249,nonkeypress
3250,nonkeypress
3251,nonkeypress
3252,nonkeypress
3253,nonkeypress
3254,nonkeypress
3255,nonkeypress
3256,nonkeypress
3257,nonkeypress
3258,nonkeypress
3259,nonkeypress
3260,nonkeypress
3261,nonkeypress
3262,nonkeypress
3263,nonkeypress
3264,nonkeypress
3265,nonkeypress
3266,nonkeypress
3267,nonkeypress
3268,nonkeypress
3269,nonkeypress
3270,nonkeypress
3271,nonkeypress
3272,nonkeypress
3273,nonkeypress
3274,nonkeypress
3275,nonkeypress
3276,nonkeypress
3277,nonkeypress
3278,nonkeypress
3279,nonkeypress
3280,nonkeypress
3281,nonkeypress
3282,nonkeypress
3283,nonkeypress
3284,nonkeypress
3285,nonkeypress
3286,nonkeypress
3287,nonkeypress
3288,nonkeypress
3289,nonkeypress
3290,nonkeypress
3291,nonkeypress
3292,nonkeypress
3293,nonkeypress
3294,nonkeypress
3295,nonkeypress
3296,nonkeypress
3297,nonkeypress
3298,nonkeypress
3299,nonkeypress
3300,nonkeypress
3301,nonkeypress
3302,nonkeypress
3303,nonkeypress
3304,nonkeypress
3305,nonkeypress
3306,nonkeypress
3307,nonkeypress
3308,nonkeypress
3309,nonkeypress
3310,nonkeypress
3311,nonkeypress
3312,nonkeypress
3313,nonkeypress
3314,nonkeypress
3315,nonkeypress
3316,nonkeypress
3317,nonkeypress
3318,nonkeypress
3319,nonkeypress
3320,nonkeypress
3321,nonkeypress
3322,nonkeypress
3323,nonkeypress
3324,nonkeypress
3325,nonkeypress
3326,nonkeypress
3327,nonkeypress
3328,nonkeypress
3329,nonkeypress
3330,nonkeypress
3331,nonkeypress
3332,nonkeypress
3333,nonkeypress
3334,nonkeypress
3335,nonkeypress
3336,nonkeypress
3337,nonkeypress
3338,nonkeypress
3339,nonkeypress
3340,nonkeypress
3341,nonkeypress
3342,nonkeypress
3343,nonkeypress
3344,nonkeypress
3345,nonkeypress
3346,nonkeypress
3347,nonkeypress
3348,nonkeypress
3349,nonkeypress
3350,nonkeypress
3351,nonkeypress
3352,nonkeypress
3353,nonkeypress
3354,nonkeypress
3355,nonkeypress
3356,nonkeypress
3357,nonkeypress
3358,nonkeypress
3359,nonkeypress
3360,nonkeypress
3361,nonkeypress
3362,nonkeypress
3363,nonkeypress
3364,nonkeypress
3365,nonkeypress
3366,nonkeypress
3367,nonkeypress
3368,nonkeypress
3369,nonkeypress
3370,nonkeypress
3371,nonkeypress
3372,nonkeypress
3373,nonkeypress
3374,nonkeypress
3375,nonkeypress
3376,nonkeypress
3377,nonkeypress
3378,nonkeypress
3379,nonkeypress
3380,nonkeypress
3381,nonkeypress
3382,nonkeypress
3383,nonkeypress
3384,nonkeypress
3385,nonkeypress
3386,nonkeypress
3387,nonkeypress
3388,nonkeypress
3389,nonkeypress
3390,nonkeypress
3391,nonkeypress
3392,nonkeypress
3393,nonkeypress
3394,nonkeypress
3395,nonkeypress
3396,nonkeypress
3397,nonkeypress
3398,keypress
3399,keypress
3400,keypress
3401,keypress
3402,keypress
3403,keypress
3404,keypress
3405,nonkeypress
3406,nonkeypress
3407,nonkeypress
3408,nonkeypress
3409,nonkeypress
3410,nonkeypress
3411,nonkeypress
3412,nonkeypress
3413,nonkeypress
3414,nonkeypress
3415,nonkeypress
3416,nonkeypress
3417,nonkeypress
3418,nonkeypress
3419,nonkeypress
3420,nonkeypress
3421,nonkeypress
3422,nonkeypress
3423,nonkeypress
3424,nonkeypress
3425,nonkeypress
3426,nonkeypress
3427,nonkeypress
3428,nonkeypress
3429,nonkeypress
3430,nonkeypress
3431,nonkeypress
3432,nonkeypress
3433,nonkeypress
3434,nonkeypress
3435,nonkeypress
3436,nonkeypress
3437,nonkeypress
3438,nonkeypress
3439,nonkeypress
3440,nonkeypress
3441,nonkeypress
3442,nonkeypress
3443,nonkeypress
3444,nonkeypress
3445,nonkeypress
3446,nonkeypress
3447,nonkeypress
3448,nonkeypress
3449,nonkeypress
3450,nonkeypress
3451,nonkeypress
3452,nonkeypress
3453,nonkeypress
3454,nonkeypress
3455,nonkeypress
3456,nonkeypress
3457,nonkeypress
3458,nonkeypress
3459,nonkeypress
3460,nonkeypress
3461,nonkeypress
3462,nonkeypress
3463,nonkeypress
3464,nonkeypress
3465,nonkeypress
3466,nonkeypress
3467,nonkeypress
3468,nonkeypress
3469,nonkeypress
3470,nonkeypress
3471,nonkeypress
3472,nonkeypress
3473,nonkeypress
3474,nonkeypress
3475,nonkeypress
3476,nonkeypress
3477,nonkeypress
3478,nonkeypress
3479,nonkeypress
3480,nonkeypress
3481,nonkeypress
3482,nonkeypress
3483,nonkeypress
3484,nonkeypress
3485,nonkeypress
3486,nonkeypress
3487,nonkeypress
3488,nonkeypress
3489,nonkeypress
3490,nonkeypress
3491,nonkeypress
3492,nonkeypress
3493,nonkeypress
3494,nonkeypress
3495,nonkeypress
3496,nonkeypress
3497,nonkeypress
3498,nonkeypress
3499,nonkeypress
3500,nonkeypress
3501,nonkeypress
3502,nonkeypress
3503,nonkeypress
3504,nonkeypress
3505,nonkeypress
3506,nonkeypress
3507,nonkeypress
3508,nonkeypress
3509,nonkeypress
3510,nonkeypress
3511,nonkeypress
3512,nonkeypress
3513,nonkeypress
3514,nonkeypress
3515,nonkeypress
3516,nonkeypress
3517,nonkeypress
3518,nonkeypress
3519,nonkeypress
3520,nonkeypress
3521,nonkeypress
3522,nonkeypress
3523,nonkeypress
3524,nonkeypress
3525,nonkeypress
3526,nonkeypress
3527,nonkeypress
3528,nonkeypress
3529,nonkeypress
3530,nonkeypress
3531,nonkeypress
3532,nonkeypress
3533,nonkeypress
3534,nonkeypress
3535,nonkeypress
3536,nonkeypress
3537,nonkeypress
3538,nonkeypress
3539,nonkeypress
3540,nonkeypress
3541,nonkeypress
3542,nonkeypress
3543,nonkeypress
3544,nonkeypress
3545,nonkeypress
3546,nonkeypress
3547,nonkeypress
3548,nonkeypress
3549,nonkeypress
3550,nonkeypress
3551,nonkeypress
3552,nonkeypress
3553,nonkeypress
3554,nonkeypress
3555,nonkeypress
3556,nonkeypress
3557,nonkeypress
3558,nonkeypress
3559,nonkeypress
3560,nonkeypress
3561,nonkeypress
3562,nonkeypress
3563,nonkeypress
3564,nonkeypress
3565,nonkeypress
3566,nonkeypress
3567,nonkeypress
3568,nonkeypress
3569,nonkeypress
3570,nonkeypress
3571,nonkeypress
3572,nonkeypress
3573,nonkeypress
3574,nonkeypress
3575,nonkeypress
3576,nonkeypress
3577,nonkeypress
3578,nonkeypress
3579,nonkeypress
3580,nonkeypress
3581,nonkeypress
3582,nonkeypress
3583,nonkeypress
3584,nonkeypress
3585,nonkeypress
3586,nonkeypress
3587,nonkeypress
3588,nonkeypress
3589,nonkeypress
3590,nonkeypress
3591,nonkeypress
3592,nonkeypress
3593,nonkeypress
3594,nonkeypress
3595,nonkeypress
3596,nonkeypress
3597,nonkeypress
3598,nonkeypress
3599,nonkeypress
3600,nonkeypress
3601,nonkeypress
3602,nonkeypress
3603,nonkeypress
3604,nonkeypress
3605,nonkeypress
3606,nonkeypress
3607,nonkeypress
3608,nonkeypress
3609,nonkeypress
3610,nonkeypress
3611,nonkeypress
3612,nonkeypress
3613,nonkeypress
3614,nonkeypress
3615,nonkeypress
3616,nonkeypress
3617,nonkeypress
3618,nonkeypress
3619,nonkeypress
3620,nonkeypress
3621,nonkeypress
3622,nonkeypress
3623,nonkeypress
3624,nonkeypress
3625,nonkeypress
3626,nonkeypress
3627,nonkeypress
3628,nonkeypress
3629,nonkeypress
3630,nonkeypress
3631,nonkeypress
3632,nonkeypress
3633,nonkeypress
3634,nonkeypress
3635,nonkeypress
